{"validation_RMSE": 115.67089815349883, "R^2": -0.26653652533686056}