{"validation_RMSE": 92.76191201349832, "test_RMSE": 115.67089815349883}