{"validation_RMSE": 90.17807486644037, "test_RMSE": 114.22036194879784}