{"validation_RMSE": 90.41460700934843, "test_RMSE": 4511.377937191481}