{"validation_RMSE": 114.22036194879784, "R^2": -0.23497045374886882}