{"validation_RMSE": 4511.377937191481, "R^2": -1925.583896493511}