{"validation_RMSE": 122.257474209146, "test_RMSE": 108.02711166572357}