{"validation_RMSE": 108.02711166572357, "R^2": -0.10467628866527745}