{"validation_RMSE": 91.08846097413337, "test_RMSE": 88.45064001778385}